iter,loglik
0,-8376.477832401817
1,-8283.27161839369
2,-8273.953815374589
3,-8273.944170834362
4,-8273.944139334677
